"","Fold Change","log2(FC)"
"SER",0.1374,-2.8635
"Malate",5.1249,2.3575
"Fumarate",5.1076,2.3527
"ASP",0.40112,-1.3179
"MET",0.42373,-1.2388
"GLUC",0.42599,-1.2311
"VAL",0.44052,-1.1827
"Pyr",0.4753,-1.0731
